COUNTRY;Ano;Divida_Percentual_PIB;Divida_Absoluta_EUR;Divida_Absoluta_USD
Albania;2010;57.7196;5.16;
Albania;2011;59.4124;5.56;
Albania;2012;62.1442;5.93;
Albania;2013;65.5589;6.31;
Albania;2014;70.0897;6.98;
Albania;2015;72.734;7.6;
Albania;2016;72.4364;7.89;
Albania;2017;70.1752;8.18;
Albania;2018;67.6522;8.97;
Albania;2019;64.9884;9.13;
Albania;2020;73.9422;9.89;
Albania;2021;74.0858;11.3;
Albania;2022;64.1299;;
Albania;2023;57.5056;12.49;
Albania;2024;56.3176;14.12;
Albania;2025;55.1472;15.07;
Albania;2026;53.8964;15.63;
Austria;1970;18.6115;2.8;
Austria;1971;17.5174;3.0;
Austria;1972;16.8017;3.4;
Austria;1973;16.8037;4.2;
Austria;1974;16.9292;5.2;
Austria;1975;23.0017;7.4;
Austria;1976;26.3655;10.7;
Austria;1977;28.703;13.1;
Austria;1978;32.3368;15.9;
Austria;1979;34.1486;18.8;
Austria;1980;35.6176;20.7;
Austria;1981;37.3294;24.6;
Austria;1982;39.642;29.7;
Austria;1983;43.8946;35.6;
Austria;1984;46.4086;40.1;
Austria;1985;48.3112;45.0;
Austria;1986;52.6016;54.2;
Austria;1987;56.4226;60.8;
Austria;1988;57.6393;64.7;
Austria;1989;56.909;70.1;
Austria;1990;56.5016;74.1;
Austria;1991;56.7073;80.0;
Austria;1992;56.5985;87.8;
Austria;1993;61.2503;99.3;
Austria;1994;64.3813;111.2;
Austria;1995;68.5892;125.3;
Austria;1996;68.6352;125.2;
Austria;1997;63.8129;118.6;
Austria;1998;64.2096;125.4;
Austria;1999;66.9485;135.9;
Austria;2000;66.4976;141.2;
Austria;2001;67.0794;147.2;
Austria;2002;67.2164;151.3;
Austria;2003;66.2301;152.7;
Austria;2004;65.679;158.0;
Austria;2005;69.1104;174.4;
Austria;2006;67.7876;180.3;
Austria;2007;65.4391;184.7;
Austria;2008;69.1494;201.8;
Austria;2009;80.3477;230.0;
Austria;2010;83.2159;244.7;
Austria;2011;82.9692;255.7;
Austria;2012;82.4541;261.0;
Austria;2013;81.954;263.2;
Austria;2014;84.8196;280.0;
Austria;2015;85.4366;292.3;
Austria;2016;83.293;296.2;
Austria;2017;78.9424;290.0;
Austria;2018;74.4771;285.4;
Austria;2019;70.896;280.5;
Austria;2020;83.183;316.4;
Austria;2021;82.3946;334.7;
Austria;2022;78.3756;351.1;
Austria;2023;78.5519;371.7;
Austria;2024;79.5381;389.9;
Austria;2025;80.8037;409.2;
Austria;2026;81.7953;428.0;
Belgium;1969;62.9218;15.1;
Belgium;1970;60.4637;16.2;
Belgium;1971;60.1094;17.8;
Belgium;1972;60.3189;20.5;
Belgium;1973;58.2348;23.3;
Belgium;1974;54.7419;26.3;
Belgium;1975;56.0924;29.5;
Belgium;1976;56.6999;38.4;
Belgium;1977;59.9833;44.3;
Belgium;1978;63.6583;51.2;
Belgium;1979;66.223;56.3;
Belgium;1980;74.6266;67.0;
Belgium;1981;87.1521;81.2;
Belgium;1982;96.8179;89.9;
Belgium;1983;107.1713;103.6;
Belgium;1984;111.373;120.0;
Belgium;1985;116.0125;133.1;
Belgium;1986;121.1457;150.2;
Belgium;1987;125.5752;162.3;
Belgium;1988;126.0208;172.6;
Belgium;1989;122.835;186.6;
Belgium;1990;126.6238;206.0;
Belgium;1991;128.0033;219.4;
Belgium;1992;129.5975;243.5;
Belgium;1993;135.2062;260.9;
Belgium;1994;133.1881;278.7;
Belgium;1995;131.2865;288.1;
Belgium;1996;129.0046;278.1;
Belgium;1997;124.2707;275.6;
Belgium;1998;119.1859;277.3;
Belgium;1999;115.3621;279.5;
Belgium;2000;109.5887;281.0;
Belgium;2001;108.2171;286.1;
Belgium;2002;105.4363;288.1;
Belgium;2003;101.6595;285.9;
Belgium;2004;97.1697;288.4;
Belgium;2005;95.1418;295.0;
Belgium;2006;91.4942;297.5;
Belgium;2007;87.3246;300.1;
Belgium;2008;93.1598;327.7;
Belgium;2009;99.853;347.2;
Belgium;2010;100.2449;364.1;
Belgium;2011;102.7357;389.1;
Belgium;2012;104.3351;404.8;
Belgium;2013;105.0216;414.4;
Belgium;2014;106.526;431.4;
Belgium;2015;105.5305;438.5;
Belgium;2016;105.4085;451.6;
Belgium;2017;102.4039;454.1;
Belgium;2018;99.9824;459.4;
Belgium;2019;97.4612;467.3;
Belgium;2020;111.1652;515.5;
Belgium;2021;108.4487;548.8;
Belgium;2022;102.6249;578.3;
Belgium;2023;103.131;615.0;
Belgium;2024;103.3767;640.2;
Belgium;2025;105.1246;675.1;
Belgium;2026;107.1621;713.2;
Bulgaria;1997;96.2266;9.27;
Bulgaria;1998;67.4545;9.13;
Bulgaria;1999;75.345;9.65;
Bulgaria;2000;70.7171;10.18;
Bulgaria;2001;64.5051;10.27;
Bulgaria;2002;51.0055;8.89;
Bulgaria;2003;43.3786;8.13;
Bulgaria;2004;35.728;7.53;
Bulgaria;2005;26.5817;6.39;
Bulgaria;2006;20.8721;5.72;
Bulgaria;2007;16.3159;5.3;
Bulgaria;2008;13.016;4.85;
Bulgaria;2009;13.6633;5.11;
Bulgaria;2010;15.2964;5.86;
Bulgaria;2011;15.1519;6.28;
Bulgaria;2012;16.5794;7.01;
Bulgaria;2013;16.9954;7.15;
Bulgaria;2014;27.0061;11.62;
Bulgaria;2015;25.9218;11.87;
Bulgaria;2016;29.1025;14.19;
Bulgaria;2017;25.1089;13.18;
Bulgaria;2018;22.1396;12.43;
Bulgaria;2019;20.0807;12.31;
Bulgaria;2020;24.4404;15.13;
Bulgaria;2021;23.8353;17.01;
Bulgaria;2022;22.482;19.35;
Bulgaria;2023;22.8843;21.67;
Bulgaria;2024;24.495;24.89;
Bulgaria;2025;23.1264;24.74;
Bulgaria;2026;24.5095;27.75;
Croatia;1995;23.2971;3.96;
Croatia;1996;25.3366;4.76;
Croatia;1997;24.6555;5.24;
Croatia;1998;22.6087;5.08;
Croatia;1999;28.8389;6.31;
Croatia;2000;35.4345;8.44;
Croatia;2001;36.5879;9.66;
Croatia;2002;36.4539;10.4;
Croatia;2003;37.8494;11.62;
Croatia;2004;39.9591;13.21;
Croatia;2005;40.8979;15.12;
Croatia;2006;38.3722;15.53;
Croatia;2007;37.0776;16.49;
Croatia;2008;38.915;18.56;
Croatia;2009;47.9152;22.1;
Croatia;2010;56.8021;25.79;
Croatia;2011;63.1302;28.52;
Croatia;2012;68.8496;30.75;
Croatia;2013;79.4796;35.39;
Croatia;2014;83.2238;36.74;
Croatia;2015;82.7694;37.53;
Croatia;2016;79.2553;37.58;
Croatia;2017;76.1723;38.37;
Croatia;2018;72.8471;38.66;
Croatia;2019;70.882;39.42;
Croatia;2020;86.4718;43.78;
Croatia;2021;78.2028;45.74;
Croatia;2022;68.5458;46.33;
Croatia;2023;61.8364;48.25;
Croatia;2024;57.3441;49.45;
Croatia;2025;56.0349;51.51;
Croatia;2026;55.9992;54.03;
Cyprus;1995;49.0433;3.68;
Cyprus;1996;50.2864;3.99;
Cyprus;1997;54.1211;4.57;
Cyprus;1998;55.6702;5.07;
Cyprus;1999;55.7865;5.51;
Cyprus;2000;55.7358;6.02;
Cyprus;2001;57.3221;6.66;
Cyprus;2002;60.5193;7.34;
Cyprus;2003;63.8374;8.18;
Cyprus;2004;64.7663;9.06;
Cyprus;2005;63.4368;9.6;
Cyprus;2006;59.2607;9.6;
Cyprus;2007;54.0318;9.46;
Cyprus;2008;45.5487;8.66;
Cyprus;2009;54.2905;10.14;
Cyprus;2010;56.285;10.95;
Cyprus;2011;65.7561;13.06;
Cyprus;2012;80.1139;15.62;
Cyprus;2013;103.6926;18.71;
Cyprus;2014;108.7572;19.01;
Cyprus;2015;107.5381;19.3;
Cyprus;2016;103.2486;19.63;
Cyprus;2017;93.2217;18.94;
Cyprus;2018;97.8742;21.34;
Cyprus;2019;92.1612;21.57;
Cyprus;2020;113.6045;25.42;
Cyprus;2021;96.4794;24.78;
Cyprus;2022;80.954;23.81;
Cyprus;2023;73.6308;23.08;
Cyprus;2024;66.4028;22.31;
Cyprus;2025;61.3869;21.71;
Cyprus;2026;56.7192;21.02;
Czechia;1995;13.4764;6.2;
Czechia;1996;11.5061;6.2;
Czechia;1997;12.1236;6.3;
Czechia;1998;13.877;8.6;
Czechia;1999;15.0878;9.5;
Czechia;2000;16.8945;11.6;
Czechia;2001;22.5969;18.3;
Czechia;2002;25.7032;22.0;
Czechia;2003;28.0616;24.5;
Czechia;2004;28.2887;28.7;
Czechia;2005;27.6778;31.4;
Czechia;2006;27.5648;35.4;
Czechia;2007;27.346;39.6;
Czechia;2008;28.1549;42.3;
Czechia;2009;33.4305;49.8;
Czechia;2010;36.7001;59.1;
Czechia;2011;39.402;62.6;
Czechia;2012;43.8353;71.8;
Czechia;2013;44.1411;67.1;
Czechia;2014;41.5462;65.6;
Czechia;2015;39.4695;67.9;
Czechia;2016;36.2322;64.9;
Czechia;2017;33.7818;68.5;
Czechia;2018;31.6778;67.4;
Czechia;2019;29.5517;68.5;
Czechia;2020;36.8829;81.9;
Czechia;2021;40.692;103.3;
Czechia;2022;42.5204;124.3;
Czechia;2023;42.449;130.8;
Czechia;2024;43.4201;138.3;
Czechia;2025;44.4143;147.5;
Czechia;2026;44.831;156.6;
Denmark;1971;12.888;2.4;
Denmark;1972;11.451;2.4;
Denmark;1973;8.9472;2.3;
Denmark;1974;6.2058;1.8;
Denmark;1975;7.0175;2.3;
Denmark;1976;11.3848;4.7;
Denmark;1977;15.2113;6.4;
Denmark;1978;25.4851;12.1;
Denmark;1979;31.7815;15.3;
Denmark;1980;39.4143;19.9;
Denmark;1981;52.019;28.7;
Denmark;1982;64.8039;40.0;
Denmark;1983;74.5855;50.3;
Denmark;1984;78.0274;59.6;
Denmark;1985;74.9834;62.4;
Denmark;1986;67.0289;60.5;
Denmark;1987;62.6406;58.9;
Denmark;1988;64.751;62.7;
Denmark;1989;62.2891;64.9;
Denmark;1990;62.4134;67.7;
Denmark;1991;63.2052;71.0;
Denmark;1992;68.3785;83.3;
Denmark;1993;80.5949;99.0;
Denmark;1994;77.1459;102.3;
Denmark;1995;73.1991;103.9;
Denmark;1996;69.9846;102.2;
Denmark;1997;65.9608;100.3;
Denmark;1998;61.7919;98.3;
Denmark;1999;58.1758;97.0;
Denmark;2000;52.391;93.1;
Denmark;2001;48.4818;89.5;
Denmark;2002;49.039;93.2;
Denmark;2003;46.0814;89.1;
Denmark;2004;44.0485;89.4;
Denmark;2005;37.3159;79.5;
Denmark;2006;31.4936;71.2;
Denmark;2007;27.2785;63.8;
Denmark;2008;33.1613;80.5;
Denmark;2009;40.0102;93.0;
Denmark;2010;42.5416;103.5;
Denmark;2011;46.0291;114.5;
Denmark;2012;44.9432;114.0;
Denmark;2013;43.9118;113.9;
Denmark;2014;44.2905;117.8;
Denmark;2015;39.8942;108.5;
Denmark;2016;37.3043;105.5;
Denmark;2017;35.9486;105.7;
Denmark;2018;34.148;102.6;
Denmark;2019;33.7917;104.2;
Denmark;2020;46.2784;144.7;
Denmark;2021;40.4872;139.8;
Denmark;2022;34.0768;130.3;
Denmark;2023;33.5886;126.4;
Denmark;2024;30.9708;121.1;
Denmark;2025;29.2906;120.0;
Denmark;2026;28.3198;120.3;
EA12 (including D_W West-Germany);1977;29.8439;;
EA12 (including D_W West-Germany);1978;32.1125;;
EA12 (including D_W West-Germany);1979;32.7102;;
EA12 (including D_W West-Germany);1980;33.2762;;
EA12 (including D_W West-Germany);1981;36.7686;;
EA12 (including D_W West-Germany);1982;40.7625;;
EA12 (including D_W West-Germany);1983;44.2299;;
EA12 (including D_W West-Germany);1984;48.0544;;
EA12 (including D_W West-Germany);1985;50.2291;;
EA12 (including D_W West-Germany);1986;52.6084;;
EA12 (including D_W West-Germany);1987;54.3254;;
EA12 (including D_W West-Germany);1988;54.9396;;
EA12 (including D_W West-Germany);1989;55.4857;;
EA12 (including D_W West-Germany);1990;56.3577;;
EA12 (including D_W West-Germany);1991;58.3819;;
EA12 (including D_W West-Germany);1992;;;
EU15 (including D_W West-Germany);1977;32.6484;;
EU15 (including D_W West-Germany);1978;34.4761;;
EU15 (including D_W West-Germany);1979;35.0174;;
EU15 (including D_W West-Germany);1980;36.7688;;
EU15 (including D_W West-Germany);1981;39.0221;;
EU15 (including D_W West-Germany);1982;41.8892;;
EU15 (including D_W West-Germany);1983;45.9073;;
EU15 (including D_W West-Germany);1984;48.7843;;
EU15 (including D_W West-Germany);1985;49.8607;;
EU15 (including D_W West-Germany);1986;51.1996;;
EU15 (including D_W West-Germany);1987;52.3928;;
EU15 (including D_W West-Germany);1988;51.6956;;
EU15 (including D_W West-Germany);1989;50.3199;;
EU15 (including D_W West-Germany);1990;51.3154;;
EU15 (including D_W West-Germany);1991;53.0824;;
EU15 (including D_W West-Germany);1992;;;
Estonia;1995;7.95;0.24;
Estonia;1996;7.4838;0.28;
Estonia;1997;6.8751;0.31;
Estonia;1998;5.927;0.3;
Estonia;1999;6.4362;0.35;
Estonia;2000;5.1137;0.32;
Estonia;2001;4.7751;0.33;
Estonia;2002;5.6602;0.44;
Estonia;2003;5.5987;0.49;
Estonia;2004;5.1117;0.5;
Estonia;2005;4.6988;0.53;
Estonia;2006;4.6282;0.63;
Estonia;2007;3.7647;0.62;
Estonia;2008;4.5093;0.75;
Estonia;2009;7.2393;1.02;
Estonia;2010;6.6607;0.98;
Estonia;2011;6.1367;1.03;
Estonia;2012;9.7448;1.76;
Estonia;2013;10.0933;1.93;
Estonia;2014;10.4583;2.13;
Estonia;2015;9.8873;2.08;
Estonia;2016;9.7981;2.17;
Estonia;2017;8.9406;2.17;
Estonia;2018;8.0466;2.13;
Estonia;2019;8.3359;2.37;
Estonia;2020;19.0956;5.32;
Estonia;2021;18.4186;5.79;
Estonia;2022;19.1121;6.97;
Estonia;2023;20.1837;7.71;
Estonia;2024;23.1902;9.22;
Estonia;2025;24.2395;10.13;
Estonia;2026;25.5162;11.31;
Euro area;1995;71.5959;;
Euro area;1996;73.38;;
Euro area;1997;72.8699;;
Euro area;1998;72.5202;;
Euro area;1999;71.4759;;
Euro area;2000;69.0614;;
Euro area;2001;68.0479;;
Euro area;2002;67.9607;;
Euro area;2003;69.2252;;
Euro area;2004;69.5292;;
Euro area;2005;70.1474;;
Euro area;2006;68.1098;;
Euro area;2007;65.7428;;
Euro area;2008;69.4103;;
Euro area;2009;79.8412;;
Euro area;2010;85.447;;
Euro area;2011;87.7524;;
Euro area;2012;92.4849;;
Euro area;2013;94.8316;;
Euro area;2014;95.021;;
Euro area;2015;92.9554;;
Euro area;2016;91.7865;;
Euro area;2017;89.4442;;
Euro area;2018;87.4448;;
Euro area;2019;85.3687;;
Euro area;2020;98.5112;;
Euro area;2021;95.6936;;
Euro area;2022;91.1792;;
Euro area;2023;88.8995;;
Euro area;2024;89.1175;;
Euro area;2025;89.628;;
Euro area;2026;90.0445;;
Euro area (12 countries);1990;;;
Euro area (12 countries);1991;56.6404;;
Euro area (12 countries);1992;58.4344;;
Euro area (12 countries);1993;64.2335;;
Euro area (12 countries);1994;67.025;;
Euro area (12 countries);1995;72.2166;;
Euro area (12 countries);1996;74.0132;;
Euro area (12 countries);1997;73.5538;;
Euro area (12 countries);1998;73.239;;
Euro area (12 countries);1999;72.057;;
Euro area (12 countries);2000;69.6106;;
Euro area (12 countries);2001;68.5746;;
Euro area (12 countries);2002;68.5356;;
Euro area (12 countries);2003;69.8525;;
Euro area (12 countries);2004;70.1928;;
Euro area (12 countries);2005;70.913;;
Euro area (12 countries);2006;68.9377;;
Euro area (12 countries);2007;66.6803;;
Euro area (12 countries);2008;70.5165;;
Euro area (12 countries);2009;80.8912;;
Euro area (12 countries);2010;86.5081;;
Euro area (12 countries);2011;88.7997;;
Euro area (12 countries);2012;93.5349;;
Euro area (12 countries);2013;95.7916;;
Euro area (12 countries);2014;95.9372;;
Euro area (12 countries);2015;93.8447;;
Euro area (12 countries);2016;92.6878;;
Euro area (12 countries);2017;90.3803;;
Euro area (12 countries);2018;88.4385;;
Euro area (12 countries);2019;86.3741;;
Euro area (12 countries);2020;99.5826;;
Euro area (12 countries);2021;96.795;;
Euro area (12 countries);2022;92.3241;;
Euro area (12 countries);2023;90.0988;;
Euro area (12 countries);2024;90.3515;;
Euro area (12 countries);2025;90.9086;;
Euro area (12 countries);2026;91.333;;
Euro area (19 countries);1995;71.7428;;
Euro area (19 countries);1996;73.5323;;
Euro area (19 countries);1997;73.0364;;
Euro area (19 countries);1998;72.7017;;
Euro area (19 countries);1999;71.6186;;
Euro area (19 countries);2000;69.1734;;
Euro area (19 countries);2001;68.1563;;
Euro area (19 countries);2002;68.0808;;
Euro area (19 countries);2003;69.3508;;
Euro area (19 countries);2004;69.655;;
Euro area (19 countries);2005;70.2737;;
Euro area (19 countries);2006;68.2455;;
Euro area (19 countries);2007;65.8777;;
Euro area (19 countries);2008;69.5669;;
Euro area (19 countries);2009;79.9967;;
Euro area (19 countries);2010;85.5877;;
Euro area (19 countries);2011;87.8703;;
Euro area (19 countries);2012;92.5934;;
Euro area (19 countries);2013;94.9025;;
Euro area (19 countries);2014;95.0731;;
Euro area (19 countries);2015;93.0001;;
Euro area (19 countries);2016;91.8423;;
Euro area (19 countries);2017;89.502;;
Euro area (19 countries);2018;87.5108;;
Euro area (19 countries);2019;85.4365;;
Euro area (19 countries);2020;98.5646;;
Euro area (19 countries);2021;95.7743;;
Euro area (19 countries);2022;91.2913;;
Euro area (19 countries);2023;89.0451;;
Euro area (19 countries);2024;89.2997;;
Euro area (19 countries);2025;89.8262;;
Euro area (19 countries);2026;90.248;;
European Union;1997;70.9666;;
European Union;1998;70.2407;;
European Union;1999;69.3997;;
European Union;2000;66.3862;;
European Union;2001;65.5736;;
European Union;2002;65.4168;;
European Union;2003;66.6105;;
European Union;2004;66.9225;;
European Union;2005;66.9971;;
European Union;2006;64.8257;;
European Union;2007;62.1589;;
European Union;2008;64.8892;;
European Union;2009;75.4987;;
European Union;2010;80.3124;;
European Union;2011;81.9963;;
European Union;2012;86.3716;;
European Union;2013;88.4542;;
European Union;2014;88.6008;;
European Union;2015;86.6203;;
European Union;2016;85.5422;;
European Union;2017;83.1197;;
European Union;2018;81.0299;;
European Union;2019;78.8558;;
European Union;2020;91.2062;;
European Union;2021;88.2998;;
European Union;2022;83.8956;;
European Union;2023;82.1285;;
European Union;2024;82.3828;;
European Union;2025;82.9638;;
European Union;2026;83.4398;;
European Union (15 countries);1990;;;
European Union (15 countries);1991;51.8574;;
European Union (15 countries);1992;54.1863;;
European Union (15 countries);1993;60.8482;;
European Union (15 countries);1994;63.2571;;
European Union (15 countries);1995;68.1133;;
European Union (15 countries);1996;70.012;;
European Union (15 countries);1997;68.2926;;
European Union (15 countries);1998;66.7371;;
European Union (15 countries);1999;66.1153;;
European Union (15 countries);2000;62.1859;;
European Union (15 countries);2001;61.3869;;
European Union (15 countries);2002;61.0526;;
European Union (15 countries);2003;62.6823;;
European Union (15 countries);2004;63.1618;;
European Union (15 countries);2005;63.9818;;
European Union (15 countries);2006;62.5709;;
European Union (15 countries);2007;60.154;;
European Union (15 countries);2008;64.0316;;
European Union (15 countries);2009;76.6108;;
European Union (15 countries);2010;82.459;;
European Union (15 countries);2011;85.5733;;
European Union (15 countries);2012;89.0268;;
European Union (15 countries);2013;91.2779;;
European Union (15 countries);2014;92.1228;;
European Union (15 countries);2015;89.8289;;
European Union (15 countries);2016;88.3434;;
European Union (15 countries);2017;86.8121;;
European Union (15 countries);2018;85.2617;;
European Union (15 countries);2019;84.0594;;
European Union (15 countries);2020;97.3646;;
European Union (15 countries);2021;95.3096;;
European Union (15 countries);2022;89.691;;
European Union (15 countries);2023;88.9402;;
European Union (15 countries);2024;89.4101;;
European Union (15 countries);2025;90.0016;;
European Union (15 countries);2026;90.368;;
Finland;1970;11.4363;1.3;
Finland;1971;10.3207;1.2;
Finland;1972;9.3918;1.2;
Finland;1973;7.6617;1.2;
Finland;1974;6.091;1.3;
Finland;1975;6.5094;1.6;
Finland;1976;6.1066;1.8;
Finland;1977;7.7726;2.1;
Finland;1978;10.9762;3.0;
Finland;1979;11.1341;3.6;
Finland;1980;11.221;4.5;
Finland;1981;11.5092;5.5;
Finland;1982;13.8067;6.9;
Finland;1983;15.3063;9.0;
Finland;1984;15.1324;10.4;
Finland;1985;15.79;11.3;
Finland;1986;16.402;11.9;
Finland;1987;17.6184;13.8;
Finland;1988;16.5129;15.4;
Finland;1989;14.2457;15.0;
Finland;1990;13.8074;15.1;
Finland;1991;21.881;20.4;
Finland;1992;39.2561;31.2;
Finland;1993;54.1942;42.7;
Finland;1994;56.198;52.0;
Finland;1995;55.2045;56.5;
Finland;1996;55.3632;57.7;
Finland;1997;52.2354;57.5;
Finland;1998;46.8435;56.4;
Finland;1999;44.0644;55.9;
Finland;2000;45.1395;61.6;
Finland;2001;43.4435;62.8;
Finland;2002;42.6428;63.3;
Finland;2003;45.156;68.5;
Finland;2004;44.938;71.3;
Finland;2005;42.1441;69.4;
Finland;2006;40.2242;69.5;
Finland;2007;35.9993;67.3;
Finland;2008;34.715;67.4;
Finland;2009;44.1302;80.2;
Finland;2010;50.1129;94.3;
Finland;2011;52.0245;102.8;
Finland;2012;57.8562;115.9;
Finland;2013;60.7999;123.7;
Finland;2014;64.783;133.4;
Finland;2015;68.7196;144.4;
Finland;2016;68.5913;148.0;
Finland;2017;66.5122;149.5;
Finland;2018;65.2785;151.4;
Finland;2019;65.2416;155.6;
Finland;2020;75.3629;178.1;
Finland;2021;73.2473;182.2;
Finland;2022;74.0339;197.0;
Finland;2023;77.1499;210.9;
Finland;2024;82.5855;228.2;
Finland;2025;84.7412;242.8;
Finland;2026;85.3245;253.3;
France;1977;20.915;72.3;
France;1978;22.3023;87.7;
France;1979;22.1956;99.1;
France;1980;21.7917;107.7;
France;1981;23.0684;123.1;
France;1982;26.5625;154.7;
France;1983;27.9607;170.8;
France;1984;30.4469;204.5;
France;1985;32.123;235.6;
France;1986;32.6393;251.5;
France;1987;35.0339;279.3;
France;1988;34.8833;295.9;
France;1989;35.642;334.1;
France;1990;36.8304;362.9;
France;1991;37.6084;384.2;
France;1992;41.4993;457.8;
France;1993;48.0267;543.5;
France;1994;51.3883;601.3;
France;1995;57.805;714.7;
France;1996;60.5935;755.3;
France;1997;61.9832;793.0;
France;1998;62.0997;836.1;
France;1999;61.4231;856.9;
France;2000;59.7214;880.0;
France;2001;59.3223;907.7;
France;2002;61.256;966.8;
France;2003;65.3639;1060.4;
France;2004;66.8794;1134.3;
France;2005;68.186;1201.5;
France;2006;65.4008;1207.3;
France;2007;65.4768;1268.9;
France;2008;69.8192;1389.4;
France;2009;84.0556;1627.2;
France;2010;86.2779;1722.2;
France;2011;88.7493;1830.1;
France;2012;91.742;1915.8;
France;2013;94.5458;2004.7;
France;2014;96.1391;2070.6;
France;2015;96.9414;2134.1;
France;2016;98.1265;2190.0;
France;2017;98.7242;2262.4;
France;2018;98.4891;2319.8;
France;2019;98.1057;2386.1;
France;2020;114.8312;2662.1;
France;2021;112.7038;2826.7;
France;2022;111.2294;2953.6;
France;2023;109.8822;3101.4;
France;2024;112.7207;3289.1;
France;2025;115.2961;3447.5;
France;2026;117.0633;3607.8;
Germany;1990;;527.5;
Germany;1991;38.5835;590.1;
Germany;1992;40.9997;701.1;
Germany;1993;44.7295;794.2;
Germany;1994;47.0761;888.2;
Germany;1995;54.7487;1079.9;
Germany;1996;57.5788;1115.7;
Germany;1997;58.6861;1142.5;
Germany;1998;59.3024;1199.3;
Germany;1999;59.8711;1243.7;
Germany;2000;58.7667;1251.5;
Germany;2001;57.5837;1264.3;
Germany;2002;59.2652;1317.7;
Germany;2003;62.7092;1405.2;
Germany;2004;64.3331;1475.2;
Germany;2005;66.4601;1545.7;
Germany;2006;65.754;1595.3;
Germany;2007;63.0814;1603.7;
Germany;2008;64.5862;1672.6;
Germany;2009;71.7157;1789.2;
Germany;2010;80.3755;2102.7;
Germany;2011;77.8492;2139.1;
Germany;2012;79.1573;2216.7;
Germany;2013;76.7947;2201.9;
Germany;2014;73.823;2203.7;
Germany;2015;70.5599;2177.2;
Germany;2016;67.6307;2161.6;
Germany;2017;63.9524;2130.3;
Germany;2018;60.7285;2083.7;
Germany;2019;58.5561;2069.9;
Germany;2020;68.0352;2347.0;
Germany;2021;68.0768;2502.8;
Germany;2022;64.9973;2569.9;
Germany;2023;62.8777;2631.8;
Germany;2024;62.9665;2710.2;
Germany;2025;63.1568;2802.0;
Germany;2026;62.819;2887.6;
Greece;1970;18.3255;2.3;
Greece;1971;18.6891;2.5;
Greece;1972;19.5608;2.8;
Greece;1973;16.1402;2.9;
Greece;1974;21.5068;4.3;
Greece;1975;18.6753;4.2;
Greece;1976;18.1826;4.9;
Greece;1977;18.341;5.5;
Greece;1978;23.7864;7.7;
Greece;1979;23.2474;8.4;
Greece;1980;23.0705;9.0;
Greece;1981;27.412;12.6;
Greece;1982;30.9372;16.2;
Greece;1983;35.5281;18.6;
Greece;1984;42.3895;24.9;
Greece;1985;49.5428;24.6;
Greece;1986;51.4481;27.0;
Greece;1987;57.8203;30.8;
Greece;1988;63.1882;39.0;
Greece;1989;66.4675;44.8;
Greece;1990;73.4991;52.5;
Greece;1991;75.905;61.0;
Greece;1992;81.0955;68.1;
Greece;1993;101.7037;90.0;
Greece;1994;99.6824;94.1;
Greece;1995;100.3866;100.8;
Greece;1996;103.7242;115.0;
Greece;1997;102.5989;124.6;
Greece;1998;100.7852;126.1;
Greece;1999;102.8429;136.5;
Greece;2000;108.8541;148.2;
Greece;2001;110.5347;163.0;
Greece;2002;107.8713;171.4;
Greece;2003;104.2586;181.5;
Greece;2004;105.4931;199.3;
Greece;2005;109.859;214.0;
Greece;2006;105.3342;225.7;
Greece;2007;104.6372;239.9;
Greece;2008;110.9073;264.8;
Greece;2009;128.4818;301.1;
Greece;2010;147.8462;330.6;
Greece;2011;175.0756;356.2;
Greece;2012;164.1132;305.1;
Greece;2013;179.9399;320.5;
Greece;2014;181.5333;319.6;
Greece;2015;177.7622;311.7;
Greece;2016;180.5763;315.0;
Greece;2017;178.9851;317.5;
Greece;2018;185.3222;334.7;
Greece;2019;178.8216;331.1;
Greece;2020;209.3816;350.8;
Greece;2021;197.2862;364.1;
Greece;2022;177.0498;368.0;
Greece;2023;163.9005;369.1;
Greece;2024;153.1341;364.4;
Greece;2025;146.8487;366.3;
Greece;2026;142.6702;371.9;
Hungary;1995;83.8684;26.8;
Hungary;1996;71.1682;24.6;
Hungary;1997;62.1957;24.5;
Hungary;1998;60.4221;25.0;
Hungary;1999;60.2966;27.6;
Hungary;2000;55.6376;28.0;
Hungary;2001;52.2047;32.8;
Hungary;2002;55.5567;41.0;
Hungary;2003;58.1744;42.3;
Hungary;2004;58.9071;50.5;
Hungary;2005;60.5788;54.1;
Hungary;2006;64.4889;62.3;
Hungary;2007;65.5799;66.5;
Hungary;2008;71.8011;73.3;
Hungary;2009;78.1884;76.5;
Hungary;2010;80.1743;79.1;
Hungary;2011;80.4684;72.9;
Hungary;2012;78.364;77.5;
Hungary;2013;77.2202;78.9;
Hungary;2014;76.4905;79.6;
Hungary;2015;75.7182;83.8;
Hungary;2016;74.6336;87.5;
Hungary;2017;72.0016;91.3;
Hungary;2018;68.8127;93.4;
Hungary;2019;64.9703;94.2;
Hungary;2020;78.6866;105.5;
Hungary;2021;76.2194;114.7;
Hungary;2022;73.8429;121.9;
Hungary;2023;73.438;144.0;
Hungary;2024;74.5044;153.2;
Hungary;2025;74.4805;159.2;
Hungary;2026;73.7679;167.9;
Iceland;1998;43.953;3.26;
Iceland;1999;76.5929;6.83;
Iceland;2000;75.7963;6.83;
Iceland;2001;83.3827;7.31;
Iceland;2002;82.16;8.28;
Iceland;2003;85.0679;8.34;
Iceland;2004;80.8614;9.39;
Iceland;2005;68.931;9.81;
Iceland;2006;70.651;9.3;
Iceland;2007;68.4044;10.32;
Iceland;2008;110.3566;10.32;
Iceland;2009;128.7734;11.64;
Iceland;2010;133.1411;14.55;
Iceland;2011;138.1759;15.35;
Iceland;2012;133.925;14.55;
Iceland;2013;121.9603;15.16;
Iceland;2014;115.2992;15.59;
Iceland;2015;97.323;15.91;
Iceland;2016;82.4715;17.39;
Iceland;2017;71.7422;15.16;
Iceland;2018;63.2467;13.5;
Iceland;2019;66.5279;14.82;
Iceland;2020;77.5116;14.54;
Iceland;2021;74.7559;16.61;
Iceland;2022;67.2088;17.27;
Iceland;2023;64.1545;18.42;
Iceland;2024;61.9935;19.14;
Iceland;2025;59.0019;19.44;
Iceland;2026;55.9784;19.55;
Ireland;1970;47.6885;2.1;
Ireland;1971;45.6706;2.2;
Ireland;1972;42.8728;2.3;
Ireland;1973;40.1076;2.4;
Ireland;1974;50.2313;3.2;
Ireland;1975;56.6196;4.3;
Ireland;1976;61.2866;4.9;
Ireland;1977;58.2457;5.9;
Ireland;1978;60.0811;6.9;
Ireland;1979;65.4585;8.8;
Ireland;1980;66.9522;10.4;
Ireland;1981;72.2848;13.6;
Ireland;1982;81.2158;17.9;
Ireland;1983;90.7578;21.0;
Ireland;1984;94.7869;24.9;
Ireland;1985;97.5462;27.8;
Ireland;1986;108.4391;30.6;
Ireland;1987;109.5188;32.5;
Ireland;1988;105.3824;33.7;
Ireland;1989;96.2952;34.8;
Ireland;1990;90.3362;35.1;
Ireland;1991;91.666;37.0;
Ireland;1992;88.7592;39.3;
Ireland;1993;91.2459;41.0;
Ireland;1994;85.9664;41.3;
Ireland;1995;78.6371;41.3;
Ireland;1996;69.9345;44.4;
Ireland;1997;61.5777;43.6;
Ireland;1998;51.414;41.4;
Ireland;1999;46.5704;43.2;
Ireland;2000;36.4016;39.5;
Ireland;2001;33.5568;41.0;
Ireland;2002;30.8736;42.0;
Ireland;2003;29.8188;43.4;
Ireland;2004;28.0871;43.9;
Ireland;2005;26.0537;44.4;
Ireland;2006;23.6452;43.7;
Ireland;2007;23.9424;47.2;
Ireland;2008;42.5137;79.6;
Ireland;2009;61.7541;104.7;
Ireland;2010;86.1351;144.2;
Ireland;2011;109.4282;189.7;
Ireland;2012;118.7302;210.0;
Ireland;2013;117.4946;215.2;
Ireland;2014;101.2764;203.4;
Ireland;2015;73.9967;201.7;
Ireland;2016;72.6397;200.6;
Ireland;2017;65.2341;201.3;
Ireland;2018;61.4716;205.8;
Ireland;2019;55.9243;203.4;
Ireland;2020;57.007;217.9;
Ireland;2021;52.5642;236.1;
Ireland;2022;43.1493;224.8;
Ireland;2023;43.2833;220.7;
Ireland;2024;41.5557;217.7;
Ireland;2025;38.3495;213.3;
Ireland;2026;36.7797;215.5;
Italy;1960;31.7222;;
Italy;1961;29.8648;;
Italy;1962;28.7243;;
Italy;1963;26.7858;;
Italy;1964;26.6171;;
Italy;1965;27.6472;;
Italy;1966;32.2993;;
Italy;1967;31.8738;;
Italy;1968;34.2302;;
Italy;1969;34.8413;;
Italy;1970;35.7766;39.4;
Italy;1971;40.416;48.0;
Italy;1972;45.9063;56.8;
Italy;1973;48.8105;66.2;
Italy;1974;48.5119;76.5;
Italy;1975;54.7423;101.7;
Italy;1976;54.4349;102.4;
Italy;1977;53.4769;113.3;
Italy;1978;57.5131;134.3;
Italy;1979;56.3298;158.6;
Italy;1980;54.2665;181.4;
Italy;1981;56.5292;211.6;
Italy;1982;61.0334;265.2;
Italy;1983;67.0259;328.0;
Italy;1984;72.2966;404.9;
Italy;1985;78.0334;451.7;
Italy;1986;81.951;541.4;
Italy;1987;85.6825;589.3;
Italy;1988;87.2344;663.3;
Italy;1989;89.5424;754.9;
Italy;1990;91.3757;839.6;
Italy;1991;94.5379;947.8;
Italy;1992;101.0719;920.7;
Italy;1993;110.7187;972.9;
Italy;1994;116.6175;1036.7;
Italy;1995;119.0877;1096.6;
Italy;1996;118.8964;1260.4;
Italy;1997;116.4905;1271.9;
Italy;1998;113.8868;1299.7;
Italy;1999;113.0585;1331.3;
Italy;2000;108.7428;1353.6;
Italy;2001;108.513;1420.0;
Italy;2002;105.9475;1436.1;
Italy;2003;105.1408;1471.3;
Italy;2004;104.7376;1526.4;
Italy;2005;106.171;1591.6;
Italy;2006;106.2486;1657.3;
Italy;2007;103.4497;1677.7;
Italy;2008;105.7782;1738.7;
Italy;2009;116.1112;1839.3;
Italy;2010;118.7169;1920.8;
Italy;2011;119.0856;1973.7;
Italy;2012;125.849;2055.0;
Italy;2013;131.7795;2136.5;
Italy;2014;134.6837;2203.3;
Italy;2015;134.6545;2239.7;
Italy;2016;134.0869;2286.0;
Italy;2017;133.5762;2330.2;
Italy;2018;133.9889;2382.0;
Italy;2019;133.6392;2410.9;
Italy;2020;154.2881;2576.6;
Italy;2021;145.7347;2685.2;
Italy;2022;138.3491;2762.9;
Italy;2023;134.7936;2868.4;
Italy;2024;136.5627;2972.4;
Italy;2025;138.2173;3097.4;
Italy;2026;139.2769;3215.6;
Japan;1970;10.6419;22.6;
Japan;1971;11.7947;28.6;
Japan;1972;15.6052;45.3;
Japan;1973;15.2812;54.0;
Japan;1974;16.0718;65.2;
Japan;1975;20.3204;90.0;
Japan;1976;25.947;138.2;
Japan;1977;30.9279;207.2;
Japan;1978;39.1287;318.5;
Japan;1979;43.6755;297.1;
Japan;1980;48.7146;466.1;
Japan;1981;53.1128;608.6;
Japan;1982;58.117;733.5;
Japan;1983;64.2939;999.8;
Japan;1984;66.1719;1177.8;
Japan;1985;68.3152;1304.8;
Japan;1986;74.2981;1547.3;
Japan;1987;76.4093;1788.3;
Japan;1988;72.3619;1967.7;
Japan;1989;65.6758;1639.1;
Japan;1990;62.9799;1577.3;
Japan;1991;62.4362;1829.7;
Japan;1992;66.9336;2228.3;
Japan;1993;72.6271;2946.0;
Japan;1994;83.4323;3475.2;
Japan;1995;94.2299;3625.0;
Japan;1996;99.1941;3642.4;
Japan;1997;104.8312;3965.8;
Japan;1998;116.0459;4688.1;
Japan;1999;129.0302;6632.6;
Japan;2000;135.6473;6792.7;
Japan;2001;144.4434;6658.6;
Japan;2002;154.2849;6505.3;
Japan;2003;160.0697;6210.4;
Japan;2004;168.9246;6403.8;
Japan;2005;174.5947;6693.6;
Japan;2006;174.1426;5938.7;
Japan;2007;172.9511;5655.1;
Japan;2008;180.8507;7567.6;
Japan;2009;198.8068;7389.4;
Japan;2010;205.8793;9579.2;
Japan;2011;219.1617;10880.4;
Japan;2012;226.0928;9959.8;
Japan;2013;229.4507;8065.3;
Japan;2014;233.2812;8333.6;
Japan;2015;228.2784;9370.7;
Japan;2016;232.4212;10253.0;
Japan;2017;231.3208;9476.1;
Japan;2018;232.3803;10278.1;
Japan;2019;236.3781;10815.0;
Japan;2020;258.3735;11023.1;
Japan;2021;253.6527;10761.5;
Japan;2022;256.2596;10234.2;
Japan;2023;249.669;9468.2;
Japan;2024;249.7571;9297.9;
Japan;2025;249.536;9583.6;
Japan;2026;249.9033;9817.5;
Latvia;1995;14.3319;0.56;
Latvia;1996;13.6452;0.62;
Latvia;1997;10.9422;0.62;
Latvia;1998;9.2716;0.57;
Latvia;1999;12.4137;0.9;
Latvia;2000;12.3799;1.01;
Latvia;2001;14.1095;1.3;
Latvia;2002;13.4399;1.25;
Latvia;2003;14.7592;1.41;
Latvia;2004;15.2161;1.63;
Latvia;2005;12.3899;1.64;
Latvia;2006;10.5715;1.74;
Latvia;2007;8.9147;1.94;
Latvia;2008;19.4699;4.51;
Latvia;2009;37.9889;6.96;
Latvia;2010;48.6342;8.54;
Latvia;2011;46.5888;8.95;
Latvia;2012;44.0483;9.36;
Latvia;2013;41.7741;9.17;
Latvia;2014;43.0789;9.82;
Latvia;2015;38.2791;9.09;
Latvia;2016;41.7341;10.22;
Latvia;2017;40.3296;10.49;
Latvia;2018;38.3044;10.78;
Latvia;2019;37.9108;11.21;
Latvia;2020;44.037;12.87;
Latvia;2021;45.8718;14.81;
Latvia;2022;44.4246;16.04;
Latvia;2023;44.9895;17.58;
Latvia;2024;48.0681;19.25;
Latvia;2025;50.2983;20.92;
Latvia;2026;51.5781;22.35;
Lithuania;1995;11.447;0.59;
Lithuania;1996;13.8383;0.93;
Lithuania;1997;15.2989;1.41;
Lithuania;1998;16.4675;1.59;
Lithuania;1999;22.5983;2.48;
Lithuania;2000;23.4653;2.91;
Lithuania;2001;22.8793;3.19;
Lithuania;2002;22.1315;3.37;
Lithuania;2003;20.3588;3.4;
Lithuania;2004;18.5908;3.4;
Lithuania;2005;17.6399;3.7;
Lithuania;2006;17.2999;4.15;
Lithuania;2007;15.8769;4.61;
Lithuania;2008;14.5705;4.76;
Lithuania;2009;27.9108;7.53;
Lithuania;2010;36.6943;10.15;
Lithuania;2011;37.4336;11.63;
Lithuania;2012;39.9035;13.26;
Lithuania;2013;38.8564;13.55;
Lithuania;2014;40.7238;14.83;
Lithuania;2015;42.4159;15.88;
Lithuania;2016;39.7899;15.45;
Lithuania;2017;39.1259;16.54;
Lithuania;2018;33.3462;15.32;
Lithuania;2019;35.5938;17.53;
Lithuania;2020;45.8821;23.06;
Lithuania;2021;43.2879;24.54;
Lithuania;2022;38.0583;25.67;
Lithuania;2023;37.3449;27.56;
Lithuania;2024;38.2587;29.89;
Lithuania;2025;40.9822;34.11;
Lithuania;2026;44.5772;39.06;
Luxembourg;1970;27.5828;0.39;
Luxembourg;1971;27.753;0.41;
Luxembourg;1972;24.6571;0.42;
Luxembourg;1973;20.0716;0.44;
Luxembourg;1974;16.3385;0.45;
Luxembourg;1975;17.7859;0.44;
Luxembourg;1976;16.1373;0.52;
Luxembourg;1977;16.3362;0.55;
Luxembourg;1978;15.0883;0.57;
Luxembourg;1979;13.9501;0.56;
Luxembourg;1980;13.5576;0.58;
Luxembourg;1981;14.1341;0.64;
Luxembourg;1982;14.011;0.65;
Luxembourg;1983;14.8173;0.74;
Luxembourg;1984;14.7501;0.85;
Luxembourg;1985;14.0514;0.86;
Luxembourg;1986;13.623;0.94;
Luxembourg;1987;11.9075;0.86;
Luxembourg;1988;9.4832;0.75;
Luxembourg;1989;7.7636;0.72;
Luxembourg;1990;6.4199;0.65;
Luxembourg;1991;5.5556;0.63;
Luxembourg;1992;6.5668;0.82;
Luxembourg;1993;8.2022;1.12;
Luxembourg;1994;7.5266;1.14;
Luxembourg;1995;10.1336;1.61;
Luxembourg;1996;9.955;1.61;
Luxembourg;1997;9.4661;1.63;
Luxembourg;1998;9.0795;1.65;
Luxembourg;1999;8.0748;1.66;
Luxembourg;2000;7.4941;1.72;
Luxembourg;2001;7.6232;1.82;
Luxembourg;2002;7.4479;1.86;
Luxembourg;2003;7.4346;1.95;
Luxembourg;2004;7.8299;2.21;
Luxembourg;2005;7.9502;2.41;
Luxembourg;2006;8.2051;2.8;
Luxembourg;2007;8.0918;3.05;
Luxembourg;2008;14.6275;5.85;
Luxembourg;2009;15.2852;5.97;
Luxembourg;2010;19.0896;8.09;
Luxembourg;2011;18.5031;8.2;
Luxembourg;2012;20.8491;9.7;
Luxembourg;2013;22.4007;11.0;
Luxembourg;2014;21.8504;11.32;
Luxembourg;2015;21.1151;11.43;
Luxembourg;2016;19.5885;11.01;
Luxembourg;2017;21.7909;12.68;
Luxembourg;2018;20.9038;12.57;
Luxembourg;2019;22.3619;13.96;
Luxembourg;2020;24.4853;15.8;
Luxembourg;2021;24.374;17.64;
Luxembourg;2022;24.607;19.08;
Luxembourg;2023;25.5479;20.26;
Luxembourg;2024;27.4553;22.9;
Luxembourg;2025;27.632;24.29;
Luxembourg;2026;27.4575;25.38;
Malta;1995;34.2519;0.97;
Malta;1996;38.5101;1.18;
Malta;1997;46.4702;1.57;
Malta;1998;50.7493;1.79;
Malta;1999;61.7981;2.44;
Malta;2000;61.1452;2.65;
Malta;2001;65.1662;2.99;
Malta;2002;63.3695;2.93;
Malta;2003;69.0082;3.27;
Malta;2004;71.2102;3.45;
Malta;2005;70.1507;3.61;
Malta;2006;64.5452;3.47;
Malta;2007;62.0367;3.58;
Malta;2008;61.5247;3.84;
Malta;2009;66.0453;4.15;
Malta;2010;65.0323;4.46;
Malta;2011;68.9383;4.85;
Malta;2012;65.6117;4.91;
Malta;2013;64.9299;5.28;
Malta;2014;60.7177;5.43;
Malta;2015;55.013;5.62;
Malta;2016;53.1068;5.77;
Malta;2017;45.5131;5.71;
Malta;2018;41.3939;5.66;
Malta;2019;39.1958;5.72;
Malta;2020;48.6739;6.98;
Malta;2021;49.6221;8.27;
Malta;2022;49.3957;9.01;
Malta;2023;47.415;9.79;
Malta;2024;49.7525;11.07;
Malta;2025;50.4421;12.0;
Malta;2026;50.215;12.72;
Montenegro;2002;74.9959;1.03;
Montenegro;2003;39.8786;0.608;
Montenegro;2004;44.9042;0.757;
Montenegro;2005;38.2228;0.7;
Montenegro;2006;32.3143;0.701;
Montenegro;2007;27.4141;0.737;
Montenegro;2008;28.8303;0.895;
Montenegro;2009;38.0844;1.14;
Montenegro;2010;40.6612;1.271;
Montenegro;2011;45.4395;1.484;
Montenegro;2012;53.4185;1.7;
Montenegro;2013;57.4873;1.933;
Montenegro;2014;59.9117;2.072;
Montenegro;2015;66.1867;2.419;
Montenegro;2016;64.3896;2.546;
Montenegro;2017;64.1717;2.759;
Montenegro;2018;;;
Montenegro;2019;76.5307;3.789;
Montenegro;2020;105.3374;4.409;
Montenegro;2021;82.5413;4.09;
Montenegro;2022;67.966;4.026;
Montenegro;2023;57.2518;3.987;
Montenegro;2024;63.2008;4.772;
Montenegro;2025;62.5428;5.16;
Montenegro;2026;65.4926;5.814;
Netherlands;1975;38.7105;31.4;
Netherlands;1976;38.505;40.1;
Netherlands;1977;38.3484;42.9;
Netherlands;1978;39.4781;49.1;
Netherlands;1979;41.1948;54.3;
Netherlands;1980;43.46;60.5;
Netherlands;1981;46.8001;71.5;
Netherlands;1982;52.3272;87.2;
Netherlands;1983;58.2959;100.8;
Netherlands;1984;61.7372;113.4;
Netherlands;1985;66.9453;130.1;
Netherlands;1986;68.7193;144.4;
Netherlands;1987;71.0497;152.4;
Netherlands;1988;73.5661;162.6;
Netherlands;1989;73.619;176.7;
Netherlands;1990;73.7835;185.9;
Netherlands;1991;73.5213;196.6;
Netherlands;1992;74.2649;216.1;
Netherlands;1993;75.3499;228.8;
Netherlands;1994;72.7197;235.5;
Netherlands;1995;73.0426;251.9;
Netherlands;1996;71.2575;248.2;
Netherlands;1997;65.7071;240.3;
Netherlands;1998;62.6901;247.5;
Netherlands;1999;58.6105;246.2;
Netherlands;2000;52.1636;235.9;
Netherlands;2001;49.4224;238.7;
Netherlands;2002;48.7006;244.9;
Netherlands;2003;49.8121;256.5;
Netherlands;2004;50.1026;266.3;
Netherlands;2005;49.5871;274.3;
Netherlands;2006;44.9672;264.2;
Netherlands;2007;42.7475;266.2;
Netherlands;2008;54.3584;354.0;
Netherlands;2009;56.2961;354.8;
Netherlands;2010;58.9034;378.8;
Netherlands;2011;61.173;401.3;
Netherlands;2012;65.7005;432.5;
Netherlands;2013;67.1731;447.1;
Netherlands;2014;67.1777;455.9;
Netherlands;2015;63.8101;446.1;
Netherlands;2016;60.8924;438.5;
Netherlands;2017;55.9944;420.4;
Netherlands;2018;51.5576;405.9;
Netherlands;2019;47.5826;394.8;
Netherlands;2020;53.3478;435.6;
Netherlands;2021;50.4313;449.6;
Netherlands;2022;48.3453;480.5;
Netherlands;2023;45.0982;481.5;
Netherlands;2024;43.3187;489.8;
Netherlands;2025;44.3481;524.5;
Netherlands;2026;46.5674;571.9;
North Macedonia;1999;30.4552;1.105;
North Macedonia;2000;45.5607;1.864;
North Macedonia;2001;45.2143;1.872;
North Macedonia;2002;40.4644;1.713;
North Macedonia;2003;36.4612;1.598;
North Macedonia;2004;34.5801;1.584;
North Macedonia;2005;36.7448;1.853;
North Macedonia;2006;30.5838;1.673;
North Macedonia;2007;23.4638;1.43;
North Macedonia;2008;20.4826;1.384;
North Macedonia;2009;23.6045;1.6;
North Macedonia;2010;24.0677;1.711;
North Macedonia;2011;27.742;2.094;
North Macedonia;2012;33.6794;2.556;
North Macedonia;2013;34.0092;2.775;
North Macedonia;2014;38.104;3.27;
North Macedonia;2015;38.064;3.454;
North Macedonia;2016;39.8849;3.859;
North Macedonia;2017;39.4345;3.964;
North Macedonia;2018;40.425;4.344;
North Macedonia;2019;40.4514;4.557;
North Macedonia;2020;50.8457;5.516;
North Macedonia;2021;51.3679;6.08;
North Macedonia;2022;49.5905;6.581;
North Macedonia;2023;49.7052;7.256;
North Macedonia;2024;57.4759;8.828;
North Macedonia;2025;56.3662;9.271;
North Macedonia;2026;55.849;9.873;
Norway;2000;28.5267;52.3;
Norway;2001;27.0994;53.4;
Norway;2002;33.709;72.5;
Norway;2003;41.7343;80.6;
Norway;2004;42.9556;93.3;
Norway;2005;41.5797;104.0;
Norway;2006;52.2088;141.0;
Norway;2007;49.3377;146.3;
Norway;2008;47.0435;126.5;
Norway;2009;42.1314;123.8;
Norway;2010;42.5424;142.1;
Norway;2011;28.8475;104.5;
Norway;2012;29.9316;121.5;
Norway;2013;30.6964;113.4;
Norway;2014;28.4647;99.5;
Norway;2015;33.1925;108.2;
Norway;2016;36.9976;126.9;
Norway;2017;37.5091;126.7;
Norway;2018;38.8639;139.7;
Norway;2019;39.892;145.5;
Norway;2020;45.1774;149.4;
Norway;2021;41.3717;179.1;
Norway;2022;36.5058;198.2;
Norway;2023;44.3032;202.1;
Norway;2024;41.6256;189.0;
Norway;2025;39.5607;184.5;
Norway;2026;37.3694;182.5;
Poland;1995;47.3383;50.5;
Poland;1996;42.1756;50.8;
Poland;1997;42.0905;56.9;
Poland;1998;38.2376;57.0;
Poland;1999;38.7531;63.1;
Poland;2000;36.2283;70.7;
Poland;2001;37.0787;83.3;
Poland;2002;41.5662;84.2;
Poland;2003;46.4071;83.9;
Poland;2004;44.9085;103.1;
Poland;2005;46.4742;119.6;
Poland;2006;47.0976;132.0;
Poland;2007;44.4275;147.1;
Poland;2008;46.5594;144.7;
Poland;2009;49.6898;166.5;
Poland;2010;53.7375;194.9;
Poland;2011;54.7708;192.1;
Poland;2012;54.4631;216.9;
Poland;2013;56.8493;224.1;
Poland;2014;51.1003;204.5;
Poland;2015;51.0298;216.6;
Poland;2016;54.1288;229.0;
Poland;2017;50.4398;241.1;
Poland;2018;48.2307;240.8;
Poland;2019;45.2054;245.7;
Poland;2020;56.5847;293.2;
Poland;2021;53.0136;306.9;
Poland;2022;48.7859;323.2;
Poland;2023;49.7181;389.7;
Poland;2024;54.6594;461.9;
Poland;2025;58.8875;538.4;
Poland;2026;62.3861;605.7;
Portugal;1973;14.2698;1.8;
Portugal;1974;14.1872;2.1;
Portugal;1975;20.1366;3.4;
Portugal;1976;25.7664;4.6;
Portugal;1977;28.2349;4.7;
Portugal;1978;31.4037;5.1;
Portugal;1979;35.2141;6.3;
Portugal;1980;31.0468;7.4;
Portugal;1981;39.3043;11.1;
Portugal;1982;42.9874;11.9;
Portugal;1983;46.6937;13.1;
Portugal;1984;51.2628;16.1;
Portugal;1985;59.3929;19.6;
Portugal;1986;59.7698;21.6;
Portugal;1987;57.2166;22.5;
Portugal;1988;56.8103;26.4;
Portugal;1989;55.3556;29.1;
Portugal;1990;56.0191;34.6;
Portugal;1991;58.5108;42.1;
Portugal;1992;52.5534;43.1;
Portugal;1993;57.3899;44.4;
Portugal;1994;60.2306;50.8;
Portugal;1995;62.2148;56.5;
Portugal;1996;63.3122;61.1;
Portugal;1997;58.7155;59.6;
Portugal;1998;55.6157;61.9;
Portugal;1999;55.4056;66.3;
Portugal;2000;54.1931;69.6;
Portugal;2001;57.3802;77.9;
Portugal;2002;60.0437;85.6;
Portugal;2003;63.8973;93.3;
Portugal;2004;67.0995;102.2;
Portugal;2005;72.2491;114.6;
Portugal;2006;73.6794;122.5;
Portugal;2007;72.728;127.6;
Portugal;2008;75.6425;135.5;
Portugal;2009;87.7991;154.0;
Portugal;2010;100.0754;180.0;
Portugal;2011;114.2591;201.5;
Portugal;2012;128.8489;217.2;
Portugal;2013;131.2886;224.1;
Portugal;2014;132.8386;230.1;
Portugal;2015;131.4134;235.7;
Portugal;2016;131.5827;245.2;
Portugal;2017;126.4261;247.2;
Portugal;2018;121.5919;249.3;
Portugal;2019;116.5451;250.0;
Portugal;2020;134.0964;269.6;
Portugal;2021;123.8782;268.2;
Portugal;2022;111.2317;271.4;
Portugal;2023;97.9297;261.8;
Portugal;2024;95.7229;270.1;
Portugal;2025;92.9419;273.9;
Portugal;2026;90.5409;278.4;
Romania;1995;6.6118;1.5;
Romania;1996;10.6229;2.3;
Romania;1997;15.0595;4.3;
Romania;1998;16.8006;4.9;
Romania;1999;21.7219;6.5;
Romania;2000;22.4866;7.5;
Romania;2001;25.8694;10.9;
Romania;2002;24.8208;10.8;
Romania;2003;22.1093;10.3;
Romania;2004;18.9452;11.8;
Romania;2005;15.9051;12.4;
Romania;2006;12.4236;12.6;
Romania;2007;11.9492;14.1;
Romania;2008;12.3316;16.5;
Romania;2009;21.7739;27.3;
Romania;2010;28.9614;36.7;
Romania;2011;32.3448;43.9;
Romania;2012;35.3745;49.4;
Romania;2013;37.7813;53.4;
Romania;2014;39.1367;58.4;
Romania;2015;37.7113;59.4;
Romania;2016;37.8339;62.7;
Romania;2017;35.2623;64.5;
Romania;2018;34.3755;70.7;
Romania;2019;34.9622;78.0;
Romania;2020;46.6116;102.4;
Romania;2021;48.339;116.5;
Romania;2022;47.896;134.5;
Romania;2023;48.8856;157.6;
Romania;2024;52.2306;186.3;
Romania;2025;56.0743;217.0;
Romania;2026;59.6972;250.2;
Serbia;2000;663.8807;52.27;
Serbia;2001;341.8518;52.16;
Serbia;2002;241.6647;45.36;
Serbia;2003;202.949;40.36;
Serbia;2004;182.7335;36.31;
Serbia;2005;174.69;38.76;
Serbia;2006;160.1989;45.34;
Serbia;2007;150.3816;49.8;
Serbia;2008;25.7513;8.78;
Serbia;2009;29.7609;9.85;
Serbia;2010;37.8994;12.16;
Serbia;2011;42.9497;15.43;
Serbia;2012;52.4524;18.3;
Serbia;2013;55.1353;20.66;
Serbia;2014;64.675;23.22;
Serbia;2015;68.3698;25.26;
Serbia;2016;66.2046;25.19;
Serbia;2017;56.3285;23.55;
Serbia;2018;52.1426;23.32;
Serbia;2019;50.5175;24.35;
Serbia;2020;57.2876;28.09;
Serbia;2021;54.467;30.46;
Serbia;2022;52.9016;33.63;
Serbia;2023;48.4;36.42;
Serbia;2024;48.4743;39.66;
Serbia;2025;48.1829;42.82;
Serbia;2026;48.0466;46.4;
Slovakia;1995;21.3125;3.3;
Slovakia;1996;30.3393;5.09;
Slovakia;1997;32.8247;6.32;
Slovakia;1998;33.7815;6.31;
Slovakia;1999;47.0002;9.56;
Slovakia;2000;50.4982;10.95;
Slovakia;2001;51.1993;12.37;
Slovakia;2002;45.367;12.27;
Slovakia;2003;43.5237;13.12;
Slovakia;2004;41.8769;14.98;
Slovakia;2005;34.8768;13.95;
Slovakia;2006;31.4339;15.5;
Slovakia;2007;30.3371;17.19;
Slovakia;2008;28.613;19.62;
Slovakia;2009;36.3838;23.31;
Slovakia;2010;40.6375;27.93;
Slovakia;2011;43.2502;30.98;
Slovakia;2012;51.6741;38.1;
Slovakia;2013;54.5827;40.74;
Slovakia;2014;53.3474;40.84;
Slovakia;2015;51.5244;41.41;
Slovakia;2016;52.0467;42.48;
Slovakia;2017;51.2856;43.57;
Slovakia;2018;49.1885;44.41;
Slovakia;2019;47.9184;45.31;
Slovakia;2020;58.4082;55.09;
Slovakia;2021;60.167;61.35;
Slovakia;2022;57.6799;63.5;
Slovakia;2023;56.0514;68.9;
Slovakia;2024;58.8758;77.28;
Slovakia;2025;59.7969;83.37;
Slovakia;2026;61.7936;90.78;
Slovenia;1995;18.228;2.79;
Slovenia;1996;21.5979;3.54;
Slovenia;1997;22.0968;3.92;
Slovenia;1998;22.8205;4.43;
Slovenia;1999;23.8171;4.92;
Slovenia;2000;26.0854;5.48;
Slovenia;2001;26.324;6.04;
Slovenia;2002;27.6823;6.71;
Slovenia;2003;27.0275;6.94;
Slovenia;2004;27.1005;7.43;
Slovenia;2005;26.5885;7.69;
Slovenia;2006;26.2075;8.2;
Slovenia;2007;22.9373;8.01;
Slovenia;2008;21.892;8.26;
Slovenia;2009;34.9355;12.52;
Slovenia;2010;38.6017;13.92;
Slovenia;2011;46.8069;17.22;
Slovenia;2012;54.0378;19.42;
Slovenia;2013;70.808;25.52;
Slovenia;2014;81.0817;30.22;
Slovenia;2015;83.3571;32.09;
Slovenia;2016;79.3639;31.76;
Slovenia;2017;74.8214;31.89;
Slovenia;2018;70.9295;32.25;
Slovenia;2019;65.9359;31.75;
Slovenia;2020;80.1699;37.47;
Slovenia;2021;74.832;38.93;
Slovenia;2022;72.7388;41.39;
Slovenia;2023;68.3942;43.74;
Slovenia;2024;67.1017;44.81;
Slovenia;2025;64.3773;45.72;
Slovenia;2026;63.0991;47.27;
Spain;1970;14.2539;5.7;
Spain;1971;14.88;6.7;
Spain;1972;13.5661;7.2;
Spain;1973;11.97;7.9;
Spain;1974;11.4806;9.3;
Spain;1975;11.7212;11.2;
Spain;1976;11.514;11.9;
Spain;1977;12.5346;12.8;
Spain;1978;12.662;16.3;
Spain;1979;14.2608;21.7;
Spain;1980;15.9987;25.7;
Spain;1981;19.5902;34.7;
Spain;1982;24.4145;43.2;
Spain;1983;29.499;55.7;
Spain;1984;35.3824;79.6;
Spain;1985;40.2712;90.6;
Spain;1986;41.5868;103.6;
Spain;1987;41.901;117.2;
Spain;1988;38.3881;126.5;
Spain;1989;39.754;148.8;
Spain;1990;41.4822;173.6;
Spain;1991;42.2394;195.2;
Spain;1992;44.6109;207.7;
Spain;1993;55.6134;233.7;
Spain;1994;58.216;255.1;
Spain;1995;61.5864;295.6;
Spain;1996;65.442;324.3;
Spain;1997;64.2863;331.6;
Spain;1998;62.3547;346.4;
Spain;1999;60.8531;362.2;
Spain;2000;57.8405;374.6;
Spain;2001;54.0522;378.9;
Spain;2002;51.2368;384.1;
Spain;2003;47.6869;382.8;
Spain;2004;45.3327;389.9;
Spain;2005;42.3952;393.5;
Spain;2006;39.019;392.1;
Spain;2007;35.6981;384.7;
Spain;2008;39.6088;440.6;
Spain;2009;53.0792;569.5;
Spain;2010;60.2661;649.2;
Spain;2011;69.5284;743.0;
Spain;2012;89.5604;927.8;
Spain;2013;100.0003;1025.7;
Spain;2014;104.4176;1084.8;
Spain;2015;102.4422;1113.7;
Spain;2016;101.9665;1145.1;
Spain;2017;101.1443;1183.4;
Spain;2018;99.7183;1208.9;
Spain;2019;97.5788;1223.4;
Spain;2020;119.2791;1346.9;
Spain;2021;115.6968;1429.4;
Spain;2022;109.4986;1504.1;
Spain;2023;105.1424;1575.4;
Spain;2024;102.2598;1625.8;
Spain;2025;101.2587;1687.9;
Spain;2026;101.1439;1755.2;
Sweden;1970;25.2109;9.2;
Sweden;1971;25.5179;10.0;
Sweden;1972;25.3761;10.8;
Sweden;1973;24.7496;11.9;
Sweden;1974;25.0246;14.2;
Sweden;1975;24.345;16.1;
Sweden;1976;22.6917;18.7;
Sweden;1977;24.6032;18.0;
Sweden;1978;28.4401;22.5;
Sweden;1979;32.5885;28.4;
Sweden;1980;36.9199;38.1;
Sweden;1981;44.4372;47.8;
Sweden;1982;52.9976;53.0;
Sweden;1983;56.3972;67.6;
Sweden;1984;57.5388;80.6;
Sweden;1985;57.0564;82.5;
Sweden;1986;56.7251;83.0;
Sweden;1987;50.2073;76.4;
Sweden;1988;44.8995;78.6;
Sweden;1989;40.3928;75.7;
Sweden;1990;38.7097;77.3;
Sweden;1991;46.4532;102.5;
Sweden;1992;58.4643;112.6;
Sweden;1993;66.1082;117.7;
Sweden;1994;68.5015;131.7;
Sweden;1995;68.7649;150.6;
Sweden;1996;69.0068;156.6;
Sweden;1997;66.612;156.2;
Sweden;1998;65.8084;149.4;
Sweden;1999;60.4513;160.0;
Sweden;2000;50.3345;137.3;
Sweden;2001;51.8749;139.7;
Sweden;2002;49.7081;141.4;
Sweden;2003;49.3119;146.7;
Sweden;2004;48.5246;152.0;
Sweden;2005;48.7541;152.0;
Sweden;2006;43.6537;150.5;
Sweden;2007;38.993;136.8;
Sweden;2008;37.722;117.7;
Sweden;2009;40.9406;132.7;
Sweden;2010;38.339;151.9;
Sweden;2011;37.395;155.5;
Sweden;2012;37.6931;163.6;
Sweden;2013;40.4405;173.7;
Sweden;2014;45.3354;191.3;
Sweden;2015;44.0306;202.8;
Sweden;2016;42.3661;195.3;
Sweden;2017;41.8004;194.6;
Sweden;2018;39.8701;186.3;
Sweden;2019;35.6938;172.0;
Sweden;2020;40.139;200.8;
Sweden;2021;36.6855;195.6;
Sweden;2022;33.629;177.3;
Sweden;2023;31.4894;176.1;
Sweden;2024;32.7762;183.0;
Sweden;2025;32.7179;188.8;
Sweden;2026;31.6519;190.0;
Turkey;2019;32.3898;209.2;
Turkey;2020;39.4458;218.5;
Turkey;2021;40.3838;192.4;
Turkey;2022;30.8024;231.6;
Turkey;2023;29.1984;237.4;
Turkey;2024;28.0171;348.8;
Turkey;2025;28.2206;457.6;
Turkey;2026;28.8436;579.7;
United Kingdom;1970;73.7531;96.9;
United Kingdom;1971;69.9061;100.3;
United Kingdom;1972;64.8653;96.3;
United Kingdom;1973;59.956;97.0;
United Kingdom;1974;59.9503;103.9;
United Kingdom;1975;57.3865;114.8;
United Kingdom;1976;56.5392;116.9;
United Kingdom;1977;55.4105;138.0;
United Kingdom;1978;52.5488;144.9;
United Kingdom;1979;49.0566;167.6;
United Kingdom;1980;48.2474;228.5;
United Kingdom;1981;47.7068;244.3;
United Kingdom;1982;46.4431;247.2;
United Kingdom;1983;46.3273;285.4;
United Kingdom;1984;47.7734;296.3;
United Kingdom;1985;46.0757;310.9;
United Kingdom;1986;44.5407;274.9;
United Kingdom;1987;42.0076;299.6;
United Kingdom;1988;36.3289;311.8;
United Kingdom;1989;31.292;259.3;
United Kingdom;1990;28.9178;273.8;
United Kingdom;1991;29.1214;287.4;
United Kingdom;1992;33.2455;304.8;
United Kingdom;1993;38.4607;392.4;
United Kingdom;1994;41.4611;427.2;
United Kingdom;1995;44.4924;447.2;
United Kingdom;1996;44.6472;550.4;
United Kingdom;1997;44.132;631.1;
United Kingdom;1998;41.9695;594.0;
United Kingdom;1999;40.4098;678.1;
United Kingdom;2000;37.6857;664.7;
United Kingdom;2001;34.9577;658.4;
United Kingdom;2002;35.4345;649.0;
United Kingdom;2003;36.7637;656.4;
United Kingdom;2004;39.8015;746.7;
United Kingdom;2005;41.0004;836.8;
United Kingdom;2006;42.0583;922.0;
United Kingdom;2007;43.1739;909.4;
United Kingdom;2008;50.8274;850.4;
United Kingdom;2009;64.915;1132.1;
United Kingdom;2010;75.8602;1417.7;
United Kingdom;2011;81.4251;1620.7;
United Kingdom;2012;84.4826;1774.0;
United Kingdom;2013;85.3161;1822.9;
United Kingdom;2014;87.0943;2082.6;
United Kingdom;2015;87.8667;2294.3;
United Kingdom;2016;87.8252;2043.0;
United Kingdom;2017;86.7228;2035.5;
United Kingdom;2018;86.3451;2077.5;
United Kingdom;2019;85.6572;2249.1;
United Kingdom;2020;105.8401;2476.4;
United Kingdom;2021;105.1355;2859.5;
United Kingdom;2022;99.6197;2837.7;
United Kingdom;2023;100.0312;3130.9;
United Kingdom;2024;101.6347;3383.7;
United Kingdom;2025;102.6331;3591.0;
United Kingdom;2026;103.2243;3731.1;
United States;1969;42.4072;422.2;431.5
United States;1970;42.9194;445.1;460.7
United States;1971;43.5018;467.1;506.7
United States;1972;42.1337;458.0;538.9
United States;1973;39.7531;467.4;566.6
United States;1974;38.9549;478.7;601.9
United States;1975;41.9599;606.7;707.0
United States;1976;42.1526;698.8;789.7
United States;1977;41.2006;700.1;857.7
United States;1978;40.3048;688.4;947.8
United States;1979;39.1953;715.9;1029.8
United States;1980;39.8463;869.4;1138.5
United States;1981;39.0206;1153.2;1251.4
United States;1982;43.3348;1497.4;1449.0
United States;1983;45.9576;2018.6;1670.1
United States;1984;47.4231;2700.9;1914.8
United States;1985;51.6453;2523.7;2240.9
United States;1986;54.7984;2344.6;2509.6
United States;1987;56.3861;2100.5;2737.7
United States;1988;56.906;2541.3;2979.8
United States;1989;57.0056;2686.8;3216.0
United States;1990;58.4231;2555.5;3483.9
United States;1991;62.5365;2871.9;3851.1
United States;1992;64.6727;3482.4;4216.9
United States;1993;66.1318;4065.4;4535.7
United States;1994;65.8707;3902.4;4800.1
United States;1995;65.2988;3795.9;4988.7
United States;1996;65.937;4248.4;5323.2
United States;1997;64.1487;4983.1;5502.4
United States;1998;61.9478;4811.8;5614.2
United States;1999;59.9729;5749.6;5776.1
United States;2000;55.236;6085.1;5662.2
United States;2001;56.1659;6743.9;5943.4
United States;2002;58.6114;6108.2;6405.7
United States;2003;61.0832;5540.7;6998.0
United States;2004;62.1758;5576.8;7596.1
United States;2005;62.6605;6925.8;8170.4
United States;2006;62.8292;6590.9;8680.2
United States;2007;63.7628;6269.4;9229.2
United States;2008;72.4435;7688.3;10699.8
United States;2009;85.0345;8546.0;12311.3
United States;2010;93.1972;10496.3;14025.2
United States;2011;97.5846;11765.2;15222.9
United States;2012;101.0998;12454.7;16432.7
United States;2013;102.7919;12582.1;17352.0
United States;2014;103.0287;14942.3;18141.4
United States;2015;103.428;17380.5;18922.2
United States;2016;106.232;18951.5;19976.8
United States;2017;104.4903;17087.3;20492.7
United States;2018;106.3785;19191.3;21974.1
United States;2019;107.7131;20652.8;23201.4
United States;2020;129.9413;22612.5;27747.8
United States;2021;125.0665;26149.8;29617.2
United States;2022;120.8129;29457.8;31419.7
United States;2023;122.6574;30770.6;34001.5
United States;2024;124.092;33290.0;36187.5
United States;2025;126.2079;35359.1;38362.9
United States;2026;127.6572;37309.0;40478.4
West Germany;1970;17.7807;34.0;
West Germany;1971;17.8511;38.7;
West Germany;1972;18.1134;45.1;
West Germany;1973;17.6863;52.8;
West Germany;1974;18.5105;62.8;
West Germany;1975;23.5944;83.3;
West Germany;1976;25.2601;110.6;
West Germany;1977;26.2543;126.7;
West Germany;1978;27.7863;147.1;
West Germany;1979;28.6153;165.7;
West Germany;1980;30.3051;182.2;
West Germany;1981;33.6908;222.6;
West Germany;1982;36.4857;266.9;
West Germany;1983;38.2128;297.4;
West Germany;1984;38.9481;321.5;
West Germany;1985;39.5057;348.3;
West Germany;1986;39.5153;386.1;
West Germany;1987;40.7462;412.0;
West Germany;1988;41.1119;434.7;
West Germany;1989;39.5838;459.2;
West Germany;1990;41.27;516.5;
West Germany;1991;42.4498;577.5;
West Germany;1992;;689.9;
